{"frames": {

"The Oasis Titlescreen 2.png":
{
	"frame": {"x":0,"y":0,"w":600,"h":600},
	"rotated": false,
	"trimmed": false,
	"spriteSourceSize": {"x":0,"y":0,"w":600,"h":600},
	"sourceSize": {"w":600,"h":600}
},
"The Oasis Titlescreen 3.png":
{
	"frame": {"x":600,"y":0,"w":600,"h":600},
	"rotated": false,
	"trimmed": false,
	"spriteSourceSize": {"x":0,"y":0,"w":600,"h":600},
	"sourceSize": {"w":600,"h":600}
},
"The Oasis Titlescreen 4.png":
{
	"frame": {"x":1200,"y":0,"w":600,"h":600},
	"rotated": false,
	"trimmed": false,
	"spriteSourceSize": {"x":0,"y":0,"w":600,"h":600},
	"sourceSize": {"w":600,"h":600}
},
"The Oasis Titlescreen 5.png":
{
	"frame": {"x":0,"y":600,"w":600,"h":600},
	"rotated": false,
	"trimmed": false,
	"spriteSourceSize": {"x":0,"y":0,"w":600,"h":600},
	"sourceSize": {"w":600,"h":600}
},
"The Oasis Titlescreen 6.png":
{
	"frame": {"x":600,"y":600,"w":600,"h":600},
	"rotated": false,
	"trimmed": false,
	"spriteSourceSize": {"x":0,"y":0,"w":600,"h":600},
	"sourceSize": {"w":600,"h":600}
},
"The Oasis Titlescreen 7.png":
{
	"frame": {"x":1200,"y":600,"w":600,"h":600},
	"rotated": false,
	"trimmed": false,
	"spriteSourceSize": {"x":0,"y":0,"w":600,"h":600},
	"sourceSize": {"w":600,"h":600}
},
"The Oasis Titlescreen 8.png":
{
	"frame": {"x":0,"y":1200,"w":600,"h":600},
	"rotated": false,
	"trimmed": false,
	"spriteSourceSize": {"x":0,"y":0,"w":600,"h":600},
	"sourceSize": {"w":600,"h":600}
},
"The Oasis Titlescreen.png":
{
	"frame": {"x":600,"y":1200,"w":600,"h":600},
	"rotated": false,
	"trimmed": false,
	"spriteSourceSize": {"x":0,"y":0,"w":600,"h":600},
	"sourceSize": {"w":600,"h":600}
}},
"meta": {
	"app": "https://www.codeandweb.com/texturepacker",
	"version": "1.0",
	"image": "menu.png",
	"format": "RGBA8888",
	"size": {"w":1800,"h":1800},
	"scale": "1",
	"smartupdate": "$TexturePacker:SmartUpdate:f4b38f2653ae0d653b474e3ddf1f1fab:dc97b7f9e27e62d6e27d9e5bd5a5e686:e1b68abd82547da08a80c89591506971$"
}
}
