{"frames": {

"playerback.png":
{
	"frame": {"x":0,"y":0,"w":48,"h":64},
	"rotated": false,
	"trimmed": false,
	"spriteSourceSize": {"x":0,"y":0,"w":48,"h":64},
	"sourceSize": {"w":48,"h":64}
},
"playerback1.png":
{
	"frame": {"x":48,"y":0,"w":48,"h":64},
	"rotated": false,
	"trimmed": false,
	"spriteSourceSize": {"x":0,"y":0,"w":48,"h":64},
	"sourceSize": {"w":48,"h":64}
},
"playerfront1.png":
{
	"frame": {"x":96,"y":0,"w":48,"h":64},
	"rotated": false,
	"trimmed": false,
	"spriteSourceSize": {"x":0,"y":0,"w":48,"h":64},
	"sourceSize": {"w":48,"h":64}
},
"playerfront2.png":
{
	"frame": {"x":144,"y":0,"w":48,"h":64},
	"rotated": false,
	"trimmed": false,
	"spriteSourceSize": {"x":0,"y":0,"w":48,"h":64},
	"sourceSize": {"w":48,"h":64}
},
"playerfront3.png":
{
	"frame": {"x":192,"y":0,"w":48,"h":64},
	"rotated": false,
	"trimmed": false,
	"spriteSourceSize": {"x":0,"y":0,"w":48,"h":64},
	"sourceSize": {"w":48,"h":64}
},
"playerfront4.png":
{
	"frame": {"x":240,"y":0,"w":48,"h":64},
	"rotated": false,
	"trimmed": false,
	"spriteSourceSize": {"x":0,"y":0,"w":48,"h":64},
	"sourceSize": {"w":48,"h":64}
},
"playerleft1.png":
{
	"frame": {"x":288,"y":0,"w":48,"h":64},
	"rotated": false,
	"trimmed": false,
	"spriteSourceSize": {"x":0,"y":0,"w":48,"h":64},
	"sourceSize": {"w":48,"h":64}
},
"playerleft2.png":
{
	"frame": {"x":336,"y":0,"w":48,"h":64},
	"rotated": false,
	"trimmed": false,
	"spriteSourceSize": {"x":0,"y":0,"w":48,"h":64},
	"sourceSize": {"w":48,"h":64}
},
"playerright1.png":
{
	"frame": {"x":384,"y":0,"w":48,"h":64},
	"rotated": false,
	"trimmed": false,
	"spriteSourceSize": {"x":0,"y":0,"w":48,"h":64},
	"sourceSize": {"w":48,"h":64}
},
"playerright2.png":
{
	"frame": {"x":432,"y":0,"w":48,"h":64},
	"rotated": false,
	"trimmed": false,
	"spriteSourceSize": {"x":0,"y":0,"w":48,"h":64},
	"sourceSize": {"w":48,"h":64}
}},
"meta": {
	"app": "https://www.codeandweb.com/texturepacker",
	"version": "1.0",
	"image": "player.png",
	"format": "RGBA8888",
	"size": {"w":480,"h":64},
	"scale": "1",
	"smartupdate": "$TexturePacker:SmartUpdate:91c78209d80fc779018bc87c229a5866:7cbf4597c98d9a789bd9b5ba5b18ea8c:86d5339b780aedd87b35e2b7c0a7e11b$"
}
}
